City_ID,City,Country,Lat,Lng,Max Temp,Humidity,Cloudiness,Wind Speed,Current Description,Date
0,Acapulco,MX,16.8634,-99.8901,87.62,70,40,8.05,scattered clouds,2022-07-20 18:27:50
1,Ushuaia,AR,-54.8,-68.3,31.66,93,100,24.16,light snow,2022-07-20 18:27:50
2,Punta Arenas,CL,-53.15,-70.9167,35.71,64,75,24.16,broken clouds,2022-07-20 18:27:50
3,Dikson,RU,73.5069,80.5464,44.02,67,10,21.52,clear sky,2022-07-20 18:27:51
4,Tsumeb,NA,-19.2333,17.7167,63.09,25,2,9.26,clear sky,2022-07-20 18:27:51
5,Albany,US,42.6001,-73.9662,95.04,45,6,3.74,clear sky,2022-07-20 18:24:12
6,Acajutla,SV,13.5928,-89.8275,87.73,57,36,7.18,scattered clouds,2022-07-20 18:27:51
7,Victoria,HK,22.2855,114.1577,87.33,85,24,4.0,few clouds,2022-07-20 18:24:08
8,Avarua,CK,-21.2078,-159.775,73.45,73,75,16.11,broken clouds,2022-07-20 18:27:52
9,Hobart,AU,-42.8794,147.3294,35.06,93,1,8.05,clear sky,2022-07-20 18:27:52
10,Lebu,CL,-37.6167,-73.65,53.22,96,100,11.21,overcast clouds,2022-07-20 18:27:53
11,Daru,PG,-9.0763,143.2092,75.94,93,66,12.12,broken clouds,2022-07-20 18:27:53
12,Broken Hill,AU,-31.95,141.4333,46.17,84,67,11.45,broken clouds,2022-07-20 18:24:23
13,Grand Forks,US,47.9417,-97.4337,82.78,57,20,13.8,few clouds,2022-07-20 18:23:11
14,Jamestown,US,42.097,-79.2353,89.19,54,75,13.8,broken clouds,2022-07-20 18:25:59
15,Dubti,ET,11.7361,41.0853,86.94,43,100,10.33,overcast clouds,2022-07-20 18:27:53
16,Saint Anthony,US,45.0205,-93.218,88.11,41,0,25.32,clear sky,2022-07-20 18:27:54
17,Hermanus,ZA,-34.4187,19.2345,44.8,69,4,3.91,clear sky,2022-07-20 18:27:54
18,Lasa,IT,46.6166,10.7002,72.48,81,72,3.42,broken clouds,2022-07-20 18:27:54
19,Narasannapeta,IN,18.4167,84.05,82.94,84,87,5.17,overcast clouds,2022-07-20 18:27:55
20,Atuona,PF,-9.8,-139.0333,77.65,74,43,15.41,scattered clouds,2022-07-20 18:27:55
21,Montepuez,MZ,-13.1256,38.9997,65.21,70,68,6.58,broken clouds,2022-07-20 18:27:55
22,Saint-Philippe,RE,-21.3585,55.7679,67.59,72,32,14.65,scattered clouds,2022-07-20 18:27:55
23,Hithadhoo,MV,-0.6,73.0833,81.27,68,100,1.81,overcast clouds,2022-07-20 18:27:56
24,Aklavik,CA,68.2191,-135.0107,62.6,67,75,5.75,broken clouds,2022-07-20 18:27:56
25,Sri Aman,MY,1.2376,111.4621,75.25,94,41,0.0,scattered clouds,2022-07-20 18:27:56
26,Adrar,MR,20.5022,-10.0711,104.63,12,16,11.74,few clouds,2022-07-20 18:27:57
27,Port-Cartier,CA,50.0334,-66.8654,77.11,45,14,14.09,few clouds,2022-07-20 18:27:57
28,Batagay,RU,67.6333,134.6333,40.19,88,85,3.15,overcast clouds,2022-07-20 18:27:57
29,Port Alfred,ZA,-33.5906,26.891,56.17,96,99,1.99,overcast clouds,2022-07-20 18:27:58
30,Bethel,US,41.3712,-73.414,97.36,51,0,3.44,clear sky,2022-07-20 18:26:02
31,Huilong,CN,31.8111,121.655,83.93,93,100,10.56,light rain,2022-07-20 18:27:58
32,Petropavlovsk-Kamchatskiy,RU,53.0452,158.6483,50.59,100,100,4.47,overcast clouds,2022-07-20 18:27:58
33,Qaqortoq,GL,60.7167,-46.0333,53.28,81,94,7.49,overcast clouds,2022-07-20 18:27:59
34,Mahebourg,MU,-20.4081,57.7,71.26,73,40,14.97,scattered clouds,2022-07-20 18:27:59
35,Sabha,LY,27.0377,14.4283,89.4,16,4,10.92,clear sky,2022-07-20 18:27:59
36,Fortuna,US,40.5982,-124.1573,65.93,78,46,3.0,scattered clouds,2022-07-20 18:28:00
37,Tuktoyaktuk,CA,69.4541,-133.0374,55.4,82,75,12.66,broken clouds,2022-07-20 18:28:00
38,Bredasdorp,ZA,-34.5322,20.0403,49.01,82,66,4.07,broken clouds,2022-07-20 18:24:16
39,Urumqi,CN,43.801,87.6005,70.75,35,0,11.18,clear sky,2022-07-20 18:28:00
40,Cape Town,ZA,-33.9258,18.4232,53.11,67,0,5.75,clear sky,2022-07-20 18:23:26
41,Calhoun,US,42.2506,-85.0005,89.65,44,75,13.8,broken clouds,2022-07-20 18:28:01
42,Longyearbyen,SJ,78.2186,15.6401,49.84,87,75,10.36,broken clouds,2022-07-20 18:23:08
43,Airai,TL,-8.9266,125.4092,57.04,94,73,3.27,broken clouds,2022-07-20 18:28:01
44,Khandyga,RU,62.6667,135.6,64.42,82,0,1.74,clear sky,2022-07-20 18:28:02
45,Kruisfontein,ZA,-34.0033,24.7314,54.88,91,99,2.15,overcast clouds,2022-07-20 18:28:02
46,Outjo,NA,-20.1167,16.15,59.16,27,0,2.91,clear sky,2022-07-20 18:28:02
47,Atar,MR,20.5169,-13.0499,109.58,6,96,11.9,overcast clouds,2022-07-20 18:28:10
48,Boueni,YT,-12.9025,45.0761,75.18,67,4,6.04,clear sky,2022-07-20 18:28:10
49,Celestun,MX,20.8667,-90.4,88.39,58,5,13.98,clear sky,2022-07-20 18:28:10
50,Busselton,AU,-33.65,115.3333,58.68,93,100,11.86,light rain,2022-07-20 18:28:11
51,Cleveland,US,41.4995,-81.6954,90.01,59,75,18.41,broken clouds,2022-07-20 18:27:27
52,Hovd,MN,48.0056,91.6419,56.32,57,71,3.67,broken clouds,2022-07-20 18:28:11
53,Rikitea,PF,-23.1203,-134.9692,73.18,76,3,0.65,clear sky,2022-07-20 18:28:11
54,Nikolskoye,RU,59.7035,30.7861,72.88,57,93,11.86,overcast clouds,2022-07-20 18:28:12
55,Canby,US,45.2629,-122.6926,83.52,56,0,3.44,clear sky,2022-07-20 18:28:12
56,Olinda,BR,-8.0089,-34.8553,80.33,69,75,14.97,broken clouds,2022-07-20 18:28:12
57,Chokurdakh,RU,70.6333,147.9167,39.87,79,89,8.48,overcast clouds,2022-07-20 18:25:31
58,Banff,CA,51.1762,-115.5698,74.43,27,5,6.91,clear sky,2022-07-20 18:28:13
59,Burnie,AU,-41.0667,145.9167,43.95,81,10,7.02,clear sky,2022-07-20 18:28:13
60,Ust-Ilimsk,RU,58.0006,102.6619,58.44,74,95,4.18,overcast clouds,2022-07-20 18:28:12
61,Rapar,IN,23.5667,70.6333,82.96,78,100,17.85,overcast clouds,2022-07-20 18:28:14
62,Castro,BR,-24.7911,-50.0119,70.36,64,40,4.7,scattered clouds,2022-07-20 18:28:14
63,Mazamari,PE,-11.3258,-74.5308,89.17,42,39,3.27,scattered clouds,2022-07-20 18:28:14
64,Pisco,PE,-13.7,-76.2167,60.03,88,100,4.61,mist,2022-07-20 18:24:57
65,Mataura,NZ,-46.1927,168.8643,38.48,93,47,1.57,scattered clouds,2022-07-20 18:28:15
66,Vaini,TO,-21.2,-175.2,73.56,88,40,6.91,scattered clouds,2022-07-20 18:28:15
67,Kavieng,PG,-2.5744,150.7967,81.01,80,99,11.32,light rain,2022-07-20 18:28:15
68,Marawi,PH,7.9986,124.2928,69.93,94,76,3.56,broken clouds,2022-07-20 18:28:16
69,Broome,US,42.2506,-75.833,94.01,50,20,6.91,few clouds,2022-07-20 18:28:16
70,Krasnoselkup,RU,65.7,82.4667,52.79,75,100,4.94,overcast clouds,2022-07-20 18:28:16
71,Gasa,PS,31.5,34.4667,80.89,72,0,9.13,clear sky,2022-07-20 18:28:16
72,Vao,NC,-22.6667,167.4833,74.03,87,100,7.7,light rain,2022-07-20 18:28:17
73,Kudahuvadhoo,MV,2.6708,72.8944,80.78,74,100,10.07,overcast clouds,2022-07-20 18:28:17
74,Hilo,US,19.7297,-155.09,80.28,94,75,8.05,broken clouds,2022-07-20 18:25:33
75,Provideniya,RU,64.3833,-173.3,39.9,94,95,17.54,overcast clouds,2022-07-20 18:28:17
76,San Felipe,VE,10.3399,-68.7425,90.3,45,70,5.01,broken clouds,2022-07-20 18:28:18
77,Olga,RU,43.7444,135.2892,62.53,90,66,3.38,broken clouds,2022-07-20 18:28:18
78,Kapaa,US,22.0752,-159.319,79.12,84,40,13.8,scattered clouds,2022-07-20 18:28:19
79,Esperance,AU,-33.8667,121.9,61.43,51,100,18.37,overcast clouds,2022-07-20 18:28:19
80,Ribeira Grande,PT,38.5167,-28.7,75.6,78,20,8.05,few clouds,2022-07-20 18:28:19
81,Constitucion,CL,-35.3333,-72.4167,58.89,69,9,5.06,clear sky,2022-07-20 18:28:20
82,Carnarvon,AU,-24.8667,113.6333,70.79,76,0,16.89,clear sky,2022-07-20 18:28:20
83,Finnsnes,NO,69.2296,17.9811,65.01,79,97,5.14,light rain,2022-07-20 18:27:05
84,Uncia,BO,-18.467,-66.5685,59.52,11,93,5.64,overcast clouds,2022-07-20 18:28:20
85,Nouakchott,MR,18.0858,-15.9785,80.53,80,77,16.75,broken clouds,2022-07-20 18:25:31
86,Puerto Ayora,EC,-0.7393,-90.3518,76.96,94,96,7.0,overcast clouds,2022-07-20 18:28:21
87,Chany,RU,55.3121,76.7647,60.84,96,100,11.36,moderate rain,2022-07-20 18:28:21
88,Meadow Lake,US,34.8014,-106.5436,94.6,27,54,9.22,broken clouds,2022-07-20 18:28:22
89,Ionia,US,42.9873,-85.0711,88.29,54,100,27.63,overcast clouds,2022-07-20 18:28:22
90,Jutai,BR,-5.1833,-68.9,93.02,36,27,3.89,scattered clouds,2022-07-20 18:28:22
91,Sorong,ID,-0.8833,131.25,77.74,88,100,6.69,overcast clouds,2022-07-20 18:28:23
92,Barrow,US,71.2906,-156.7887,50.02,71,0,4.61,clear sky,2022-07-20 18:28:23
93,Clyde River,CA,70.4692,-68.5914,39.43,100,100,9.22,light rain,2022-07-20 18:25:26
94,Beaumont,US,30.0861,-94.1019,97.23,56,75,13.8,broken clouds,2022-07-20 18:28:23
95,Mitu,CO,1.1983,-70.1733,77.05,93,95,2.59,overcast clouds,2022-07-20 18:25:12
96,Lamar,US,33.6668,-95.5836,105.98,44,0,17.27,clear sky,2022-07-20 18:28:31
97,Ouesso,CG,1.6136,16.0517,73.47,92,87,2.95,light rain,2022-07-20 18:28:31
98,Bengkulu,ID,-3.8004,102.2655,77.18,88,90,3.22,overcast clouds,2022-07-20 18:25:23
99,Quatre Cocos,MU,-20.2078,57.7625,71.1,70,94,21.63,light rain,2022-07-20 18:28:32
100,Siverek,TR,37.755,39.3167,89.08,13,0,9.4,clear sky,2022-07-20 18:28:32
101,Sitka,US,57.0531,-135.33,53.49,82,100,3.44,moderate rain,2022-07-20 18:28:32
102,Bambous Virieux,MU,-20.3428,57.7575,71.22,73,40,14.97,light rain,2022-07-20 18:28:32
103,Shelburne,CA,44.0787,-80.2041,83.75,52,93,19.82,overcast clouds,2022-07-20 18:28:33
104,La Ronge,CA,55.1001,-105.2842,68.22,56,75,16.11,broken clouds,2022-07-20 18:28:33
105,Ahipara,NZ,-35.1667,173.1667,54.75,72,46,17.22,scattered clouds,2022-07-20 18:28:33
106,Victor Harbor,AU,-35.5667,138.6167,44.67,85,70,7.2,broken clouds,2022-07-20 18:28:34
107,Talcahuano,CL,-36.7167,-73.1167,53.28,94,100,5.75,overcast clouds,2022-07-20 18:28:34
108,Manadhoo,MV,5.7667,73.3833,80.35,79,100,13.6,moderate rain,2022-07-20 18:28:34
109,Lompoc,US,34.6391,-120.4579,90.01,72,0,12.66,clear sky,2022-07-20 18:28:35
110,Klamath Falls,US,42.2249,-121.7817,84.96,25,0,3.0,clear sky,2022-07-20 18:27:47
111,Mangan,IN,27.5167,88.5333,76.26,92,100,1.83,overcast clouds,2022-07-20 18:28:35
112,Bluff,NZ,-46.6,168.3333,38.8,66,92,7.94,overcast clouds,2022-07-20 18:28:35
113,Linguere,SN,15.3953,-15.1193,92.77,46,85,8.3,overcast clouds,2022-07-20 18:28:36
114,Zyryanovsk,KZ,49.7386,84.2719,59.34,58,99,2.24,overcast clouds,2022-07-20 18:28:36
115,Fairbanks,US,64.8378,-147.7164,60.1,78,75,4.61,broken clouds,2022-07-20 18:24:41
116,Svetlyy,RU,54.675,20.1347,71.65,68,22,3.56,few clouds,2022-07-20 18:28:36
117,Half Moon Bay,US,37.4636,-122.4286,82.53,74,100,19.57,overcast clouds,2022-07-20 18:24:34
118,Saint George,US,37.1041,-113.5841,104.43,21,0,3.0,clear sky,2022-07-20 18:28:37
119,Mount Pleasant,US,32.7941,-79.8626,91.0,79,100,10.36,light rain,2022-07-20 18:28:37
120,Casambalangan,PH,18.3765,122.1274,81.97,85,8,6.29,clear sky,2022-07-20 18:28:37
121,Komsomolskiy,UZ,40.4272,71.7189,83.12,42,0,6.91,clear sky,2022-07-20 18:28:38
122,Qeshm,IR,26.9581,56.2719,91.29,82,78,13.44,broken clouds,2022-07-20 18:28:38
123,Vaasa,FI,63.096,21.6158,70.29,59,0,3.44,clear sky,2022-07-20 18:26:37
124,Rock Island,US,41.45,-90.5168,85.14,63,0,16.11,clear sky,2022-07-20 18:28:39
125,Yellowknife,CA,62.456,-114.3525,63.12,63,75,13.8,light intensity shower rain,2022-07-20 18:27:11
126,Severo-Kurilsk,RU,50.6789,156.125,51.19,98,96,12.93,light rain,2022-07-20 18:26:03
127,Ulundi,ZA,-28.3352,31.4162,57.69,93,44,3.27,scattered clouds,2022-07-20 18:28:39
128,Kobryn,BY,52.2138,24.3564,64.76,75,53,8.14,broken clouds,2022-07-20 18:28:39
129,Martapura,ID,-3.4167,114.85,77.09,83,10,2.3,clear sky,2022-07-20 18:28:40
130,Lagoa,PT,39.05,-27.9833,72.27,76,36,5.39,scattered clouds,2022-07-20 18:28:40
131,Saurimo,AO,-9.6608,20.3916,70.34,31,7,1.77,clear sky,2022-07-20 18:28:40
132,Umm Kaddadah,SD,13.6017,26.6876,89.19,39,42,6.33,scattered clouds,2022-07-20 18:28:41
133,Mar Del Plata,AR,-38.0023,-57.5575,64.42,63,0,21.85,clear sky,2022-07-20 18:28:26
134,Kaitangata,NZ,-46.2817,169.8464,41.41,81,90,5.7,overcast clouds,2022-07-20 18:28:41
135,Guigue,VE,10.0853,-67.7792,89.42,48,75,6.4,broken clouds,2022-07-20 18:28:41
136,Iqaluit,CA,63.7506,-68.5145,51.53,81,75,8.05,broken clouds,2022-07-20 18:28:42
137,Nome,US,64.5011,-165.4064,48.27,87,100,17.27,light rain,2022-07-20 18:28:42
138,Poum,NC,-20.2333,164.0167,75.09,87,100,10.89,overcast clouds,2022-07-20 18:24:33
139,Poltavka,RU,54.3663,71.7632,64.71,92,48,5.57,scattered clouds,2022-07-20 18:28:50
140,Saint-Augustin,CA,51.226,-58.6502,56.7,90,100,13.38,overcast clouds,2022-07-20 18:28:50
141,Nhulunbuy,AU,-12.2333,136.7667,63.21,94,43,0.0,scattered clouds,2022-07-20 18:28:50
142,Khatanga,RU,71.9667,102.5,47.39,60,100,22.26,overcast clouds,2022-07-20 18:28:50
143,Songjianghe,CN,42.1859,127.479,61.02,98,92,2.95,overcast clouds,2022-07-20 18:28:51
144,Gull Lake,CA,50.1001,-108.4847,71.64,38,2,13.71,clear sky,2022-07-20 18:28:51
145,Sept-Iles,CA,50.2001,-66.3821,77.43,52,75,19.57,broken clouds,2022-07-20 18:28:51
146,Butaritari,KI,3.0707,172.7902,81.25,78,95,10.49,light rain,2022-07-20 18:25:22
147,Rio Gallegos,AR,-51.6226,-69.2181,39.25,56,0,34.52,clear sky,2022-07-20 18:26:26
148,Hobyo,SO,5.3505,48.5268,75.9,81,40,26.62,scattered clouds,2022-07-20 18:28:52
149,Imeni Poliny Osipenko,RU,52.4201,136.4853,55.49,97,100,8.77,overcast clouds,2022-07-20 18:28:52
150,Katsuura,JP,35.1333,140.3,77.9,77,99,6.67,overcast clouds,2022-07-20 18:28:53
151,Nagato,JP,34.3833,131.2,76.12,88,97,6.17,overcast clouds,2022-07-20 18:28:53
152,Russell,US,32.3502,-85.1999,92.97,59,67,4.54,broken clouds,2022-07-20 18:28:53
153,Svolvaer,NO,68.2342,14.5683,58.98,100,75,14.97,broken clouds,2022-07-20 18:28:54
154,Qaanaaq,GL,77.484,-69.3632,41.36,79,100,4.7,overcast clouds,2022-07-20 18:28:54
155,Saint-Georges,GD,12.0564,-61.7485,83.88,79,20,16.11,few clouds,2022-07-20 18:28:54
156,Christchurch,NZ,-43.5333,172.6333,43.0,93,75,25.32,moderate rain,2022-07-20 18:25:52
157,Piacabucu,BR,-10.4056,-36.4344,76.39,86,68,14.23,broken clouds,2022-07-20 18:28:55
158,Port Blair,IN,11.6667,92.75,78.67,84,100,12.8,very heavy rain,2022-07-20 18:28:55
159,Taltal,CL,-25.4,-70.4833,60.89,77,97,5.84,overcast clouds,2022-07-20 18:28:55
160,Gornopravdinsk,RU,60.05,69.9,62.71,76,100,4.29,overcast clouds,2022-07-20 18:28:56
161,Klaksvik,FO,62.2266,-6.589,50.92,91,84,19.19,broken clouds,2022-07-20 18:28:56
162,Bandarbeyla,SO,9.4942,50.8122,80.65,56,30,24.87,scattered clouds,2022-07-20 18:28:56
163,Hasaki,JP,35.7333,140.8333,75.6,83,99,8.43,overcast clouds,2022-07-20 18:27:42
164,Tazovskiy,RU,67.4667,78.7,49.08,73,91,13.09,overcast clouds,2022-07-20 18:28:57
165,Naze,JP,28.3667,129.4833,79.72,89,95,15.23,overcast clouds,2022-07-20 18:28:57
166,Carnot,CF,4.9409,15.8665,71.69,96,99,1.7,light rain,2022-07-20 18:28:57
167,Waipawa,NZ,-41.4122,175.5153,43.68,91,100,13.47,light rain,2022-07-20 18:28:57
168,Mitsamiouli,KM,-11.3847,43.2844,73.69,68,20,6.91,few clouds,2022-07-20 18:28:58
169,Grand Gaube,MU,-20.0064,57.6608,71.38,58,97,10.0,overcast clouds,2022-07-20 18:28:58
170,Korla,CN,41.7597,86.1469,70.59,42,11,5.03,few clouds,2022-07-20 18:28:58
171,Kopanskaya,RU,46.2779,38.4795,72.36,55,0,11.03,clear sky,2022-07-20 18:28:59
172,Dunedin,NZ,-45.8742,170.5036,42.8,85,99,14.0,overcast clouds,2022-07-20 18:28:59
173,Lucapa,AO,-8.4192,20.7447,75.29,26,27,2.19,scattered clouds,2022-07-20 18:28:59
174,Salalah,OM,17.0151,54.0924,77.09,94,75,5.75,broken clouds,2022-07-20 18:29:00
175,Thinadhoo,MV,0.5333,72.9333,81.27,73,100,8.63,overcast clouds,2022-07-20 18:29:00
176,Tilichiki,RU,60.4667,166.1,47.61,60,7,6.71,clear sky,2022-07-20 18:29:00
177,Antofagasta,CL,-23.65,-70.4,60.08,67,80,6.02,broken clouds,2022-07-20 18:24:41
178,San Vicente,AR,-26.6167,-54.1333,79.02,52,0,6.04,clear sky,2022-07-20 18:29:01
179,Pangody,RU,65.85,74.4859,58.26,49,70,8.21,broken clouds,2022-07-20 18:29:01
180,Mehamn,NO,71.0357,27.8492,55.35,94,20,2.3,few clouds,2022-07-20 18:29:01
181,Sungaipenuh,ID,-2.0833,101.3833,63.12,96,67,1.5,broken clouds,2022-07-20 18:29:02
182,Port Augusta,AU,-32.5,137.7667,42.78,83,6,5.46,clear sky,2022-07-20 18:29:02
183,Almaznyy,RU,48.0448,40.045,71.33,42,58,4.63,broken clouds,2022-07-20 18:29:02
184,Kosh-Agach,RU,50.0,88.6667,44.96,69,13,3.04,few clouds,2022-07-20 18:29:03
185,Poso,ID,-1.3959,120.7524,76.71,85,11,3.38,few clouds,2022-07-20 18:29:10
186,Diamantina,BR,-18.2494,-43.6003,74.77,34,19,12.59,few clouds,2022-07-20 18:29:10
187,Torbay,CA,47.6666,-52.7314,72.57,75,75,23.02,broken clouds,2022-07-20 18:29:11
188,Krasnozerskoye,RU,53.9828,79.2374,68.25,53,100,8.75,overcast clouds,2022-07-20 18:29:11
189,Port Macquarie,AU,-31.4333,152.9167,53.49,94,75,3.44,broken clouds,2022-07-20 18:29:11
190,Pompeu,BR,-19.2244,-44.9353,82.18,27,22,7.72,few clouds,2022-07-20 18:29:12
191,Rocha,UY,-34.4833,-54.3333,62.37,70,1,12.55,clear sky,2022-07-20 18:29:12
192,Sioux Lookout,CA,50.1001,-91.917,75.27,73,75,12.66,broken clouds,2022-07-20 18:29:12
193,Kirundo,BI,-2.5833,30.1667,66.76,49,21,3.58,few clouds,2022-07-20 18:29:13
194,Pitimbu,BR,-7.4706,-34.8086,81.19,79,18,12.68,few clouds,2022-07-20 18:29:13
195,Sangar,RU,63.9242,127.4739,63.63,84,100,3.91,light rain,2022-07-20 18:29:13
196,Basco,PH,20.4487,121.9702,85.42,76,3,11.52,clear sky,2022-07-20 18:29:14
197,Gibsons,CA,49.3997,-123.5027,77.09,71,7,3.33,clear sky,2022-07-20 18:24:42
198,Georgetown,MY,5.4112,100.3354,81.9,89,20,2.3,few clouds,2022-07-20 18:28:33
199,Pacific Grove,US,36.6177,-121.9166,74.21,88,75,11.99,broken clouds,2022-07-20 18:29:14
200,Sao Paulo Do Potengi,BR,-5.895,-35.7628,82.51,55,32,13.67,scattered clouds,2022-07-20 18:25:46
201,Tasiilaq,GL,65.6145,-37.6368,42.96,80,43,3.24,scattered clouds,2022-07-20 18:29:15
202,Upata,VE,8.0086,-62.3989,81.19,84,60,2.33,broken clouds,2022-07-20 18:29:15
203,Pevek,RU,69.7008,170.3133,31.19,93,96,13.15,overcast clouds,2022-07-20 18:29:08
204,Miquelon,PM,47.0975,-56.3814,66.2,90,70,27.29,broken clouds,2022-07-20 18:29:15
205,Sorland,NO,67.667,12.6934,55.26,94,78,23.76,broken clouds,2022-07-20 18:29:16
206,Mount Gambier,AU,-37.8333,140.7667,39.09,86,0,5.59,clear sky,2022-07-20 18:29:16
207,Souillac,MU,-20.5167,57.5167,70.18,73,40,14.97,scattered clouds,2022-07-20 18:29:16
208,San Ramon,US,37.7799,-121.978,84.65,51,0,8.01,clear sky,2022-07-20 18:29:17
209,Thompson,CA,55.7435,-97.8558,68.16,73,75,6.91,broken clouds,2022-07-20 18:29:17
210,Molteno,ZA,-31.3968,26.3625,50.92,43,74,6.82,broken clouds,2022-07-20 18:29:17
211,Burns Lake,CA,54.2331,-125.7533,60.22,46,27,3.44,scattered clouds,2022-07-20 18:25:05
212,Ust-Nera,RU,64.5667,143.2,54.97,81,100,8.7,overcast clouds,2022-07-20 18:29:18
213,Ilulissat,GL,69.2167,-51.1,62.62,36,75,12.66,broken clouds,2022-07-20 18:29:18
214,Vestmanna,FO,62.1564,-7.1664,49.12,87,75,17.27,broken clouds,2022-07-20 18:29:18
215,Ponta Do Sol,PT,32.6667,-17.1,77.72,75,0,3.36,clear sky,2022-07-20 18:29:19
216,Xining,CN,36.6167,101.7667,54.3,72,60,3.83,broken clouds,2022-07-20 18:29:19
217,Warrnambool,AU,-38.3833,142.4833,41.81,86,0,8.28,clear sky,2022-07-20 18:29:19
218,Igrim,RU,63.1906,64.4162,62.29,58,73,8.03,broken clouds,2022-07-20 18:29:19
219,Yerbogachen,RU,61.2767,108.0108,54.75,94,100,3.69,overcast clouds,2022-07-20 18:29:20
220,Saldanha,ZA,-33.0117,17.9442,44.65,61,0,13.67,clear sky,2022-07-20 18:24:41
221,Buala,SB,-8.145,159.5921,78.44,81,70,6.91,broken clouds,2022-07-20 18:29:20
222,Pembroke,CA,45.8168,-77.1162,82.38,42,82,11.65,light rain,2022-07-20 18:29:21
223,Moranbah,AU,-22.0016,148.0466,58.08,95,88,14.99,overcast clouds,2022-07-20 18:29:21
224,Axim,GH,4.8699,-2.2405,75.72,65,88,7.25,overcast clouds,2022-07-20 18:29:21
225,Betioky,MG,-23.7167,44.3833,65.23,46,0,5.88,clear sky,2022-07-20 18:29:21
226,Ixtapa,MX,20.7,-105.2,89.22,70,100,4.61,overcast clouds,2022-07-20 18:29:22
227,Baijiantan,CN,45.6333,85.1833,77.63,25,60,5.28,broken clouds,2022-07-20 18:29:22
228,Correntina,BR,-13.3433,-44.6367,87.15,24,20,8.97,few clouds,2022-07-20 18:29:22
229,Den Helder,NL,52.9599,4.7593,74.95,72,20,15.99,few clouds,2022-07-20 18:29:23
230,Arraial Do Cabo,BR,-22.9661,-42.0278,75.16,78,40,10.36,scattered clouds,2022-07-20 18:29:23
231,Kodiak,US,57.79,-152.4072,53.11,82,40,4.61,scattered clouds,2022-07-20 18:25:57
232,Kieta,PG,-6.2167,155.6333,77.81,84,95,3.74,overcast clouds,2022-07-20 18:29:23
233,Atlantic City,US,39.3643,-74.4229,99.01,53,75,8.05,broken clouds,2022-07-20 18:29:31
234,Vila Velha,BR,-20.3297,-40.2925,78.75,76,0,13.8,clear sky,2022-07-20 18:28:26
235,San Cristobal,VE,7.7669,-72.225,77.18,53,50,8.32,scattered clouds,2022-07-20 18:28:37
236,Tadine,NC,-21.55,167.8833,74.43,92,100,8.84,overcast clouds,2022-07-20 18:25:24
237,Road Town,VG,18.4167,-64.6167,87.84,70,40,11.5,scattered clouds,2022-07-20 18:29:31
238,Marshall,US,34.3834,-86.3333,95.07,55,0,13.8,clear sky,2022-07-20 18:29:32
239,Evensk,RU,61.95,159.2333,55.65,86,10,5.41,clear sky,2022-07-20 18:29:32
240,Portland,US,45.5234,-122.6762,83.95,57,0,5.99,clear sky,2022-07-20 18:28:24
241,Berlevag,NO,70.8578,29.0864,55.4,94,100,2.3,overcast clouds,2022-07-20 18:29:32
242,Margate,GB,51.3813,1.3862,78.87,63,48,4.0,scattered clouds,2022-07-20 18:29:33
243,East London,ZA,-33.0153,27.9116,58.14,94,75,3.44,broken clouds,2022-07-20 18:29:33
244,Ayorou,NE,14.7308,0.9174,94.1,37,76,7.07,broken clouds,2022-07-20 18:29:33
245,Swan Hill,AU,-35.3378,143.5544,41.13,76,32,10.09,scattered clouds,2022-07-20 18:29:34
246,Xai-Xai,MZ,-25.0519,33.6442,68.9,84,2,8.63,clear sky,2022-07-20 18:29:34
247,Rovaniemi,FI,66.5,25.7167,67.41,63,0,5.75,clear sky,2022-07-20 18:27:45
248,Aginskoye,RU,51.1,114.53,60.91,93,89,4.29,overcast clouds,2022-07-20 18:29:34
249,Luderitz,NA,-26.6481,15.1594,58.46,59,0,21.61,clear sky,2022-07-20 18:29:35
250,Riberalta,BO,-10.9833,-66.1,89.8,45,20,4.61,few clouds,2022-07-20 18:29:35
251,Ise,JP,34.4833,136.7,74.52,76,95,5.91,overcast clouds,2022-07-20 18:29:35
252,Pangnirtung,CA,66.1451,-65.7125,48.2,87,100,6.91,light rain,2022-07-20 18:29:36
253,New Norfolk,AU,-42.7826,147.0587,34.72,89,3,2.39,clear sky,2022-07-20 18:29:36
254,La Asuncion,VE,11.0333,-63.8628,87.53,62,17,16.11,few clouds,2022-07-20 18:29:36
255,Cabo San Lucas,MX,22.8909,-109.9124,95.61,46,20,9.22,few clouds,2022-07-20 18:24:47
256,Halifax,CA,44.6453,-63.5724,82.89,40,20,19.57,few clouds,2022-07-20 18:27:56
257,Resende,BR,-22.4689,-44.4467,76.03,61,61,6.62,broken clouds,2022-07-20 18:29:37
258,Makakilo City,US,21.3469,-158.0858,80.92,61,0,14.97,clear sky,2022-07-20 18:26:46
259,Ginir,ET,7.1333,40.7,60.06,73,100,4.25,overcast clouds,2022-07-20 18:29:37
260,Guerrero Negro,MX,27.9769,-114.0611,80.6,50,47,11.12,scattered clouds,2022-07-20 18:29:38
261,Pierre,US,44.3683,-100.351,94.86,27,0,10.0,clear sky,2022-07-20 18:29:38
262,Zabid,YE,14.1951,43.3152,85.15,55,100,3.18,overcast clouds,2022-07-20 18:29:38
263,Taft,IR,31.7471,54.2088,85.95,12,0,0.0,clear sky,2022-07-20 18:29:39
264,Mumford,GH,5.2618,-0.759,74.5,74,50,9.98,scattered clouds,2022-07-20 18:29:39
265,Sao Joao Da Barra,BR,-21.6403,-41.0511,78.89,74,65,12.24,broken clouds,2022-07-20 18:29:39
266,Elko,US,41.0002,-115.5012,88.74,28,37,7.0,scattered clouds,2022-07-20 18:27:17
267,Atambua,ID,-9.1061,124.8925,69.84,90,35,4.99,scattered clouds,2022-07-20 18:29:40
268,Flagstaff,US,35.1981,-111.6513,87.46,29,0,3.44,clear sky,2022-07-20 18:28:29
269,Bilibino,RU,68.0546,166.4372,42.12,79,85,3.83,overcast clouds,2022-07-20 18:29:40
270,Marzuq,YE,14.4,46.4667,80.42,52,100,5.97,overcast clouds,2022-07-20 18:29:40
271,Macherla,IN,16.4833,79.4333,87.8,58,79,3.02,broken clouds,2022-07-20 18:29:41
272,Tiarei,PF,-17.5333,-149.3333,73.42,71,8,9.37,light rain,2022-07-20 18:29:41
273,Elizabeth City,US,36.2946,-76.2511,95.05,63,0,10.36,clear sky,2022-07-20 18:26:04
274,Sao Raimundo Nonato,BR,-9.0153,-42.6994,89.51,25,33,10.98,scattered clouds,2022-07-20 18:29:41
275,Touros,BR,-5.1989,-35.4608,80.47,66,46,16.22,scattered clouds,2022-07-20 18:29:42
276,Cherskiy,RU,68.75,161.3,36.91,86,78,12.62,broken clouds,2022-07-20 18:29:42
277,Oranjemund,NA,-28.55,16.4333,54.19,80,4,23.15,clear sky,2022-07-20 18:29:49
278,Saint-Louis,SN,16.3333,-15.0,95.14,40,59,16.31,broken clouds,2022-07-20 18:29:49
279,Franklin,US,39.9667,-83.0166,91.09,65,75,18.41,broken clouds,2022-07-20 18:25:22
280,Upington,ZA,-28.4478,21.2561,57.58,54,0,5.75,clear sky,2022-07-20 18:29:50
281,Vyartsilya,RU,62.1764,30.693,70.61,100,95,10.45,overcast clouds,2022-07-20 18:29:50
282,Ushtobe,KZ,45.2514,77.9838,71.94,27,0,9.86,clear sky,2022-07-20 18:29:50
283,Umm Lajj,SA,25.0213,37.2685,89.62,53,1,7.47,clear sky,2022-07-20 18:29:51
284,Dingle,PH,10.9995,122.6711,77.23,88,40,2.33,scattered clouds,2022-07-20 18:28:44
285,Sao Filipe,CV,14.8961,-24.4956,76.73,87,88,2.8,overcast clouds,2022-07-20 18:29:51
286,Hervey Bay,AU,-25.2986,152.8535,64.04,70,98,23.76,light rain,2022-07-20 18:29:51
287,Port Elizabeth,ZA,-33.918,25.5701,57.09,94,75,1.99,broken clouds,2022-07-20 18:29:52
288,Bugiri,UG,0.5714,33.7417,66.06,67,43,5.97,scattered clouds,2022-07-20 18:29:52
289,Mana,GF,5.6592,-53.7767,83.21,69,13,9.22,few clouds,2022-07-20 18:29:53
290,Qasigiannguit,GL,68.8193,-51.1922,62.85,58,100,2.3,overcast clouds,2022-07-20 18:29:53
291,Manzhouli,CN,49.6,117.4333,66.36,62,73,1.97,broken clouds,2022-07-20 18:29:53
292,Kenai,US,60.5544,-151.2583,56.08,83,100,10.36,light rain,2022-07-20 18:29:54
293,Blagoyevo,RU,63.3667,47.9167,60.58,91,85,3.71,overcast clouds,2022-07-20 18:29:54
294,Arlit,NE,18.7369,7.3853,94.55,28,87,6.38,overcast clouds,2022-07-20 18:29:54
295,Archidona,ES,37.0965,-4.3887,97.41,21,0,7.92,clear sky,2022-07-20 18:29:54
296,Cidreira,BR,-30.1811,-50.2056,63.84,81,0,15.61,clear sky,2022-07-20 18:29:55
297,Kathu,TH,7.9178,98.3332,85.69,99,100,14.05,overcast clouds,2022-07-20 18:29:55
298,Ilhabela,BR,-23.7781,-45.3581,70.2,88,52,3.13,broken clouds,2022-07-20 18:29:55
299,Port Hardy,CA,50.6996,-127.4199,57.38,88,75,6.91,broken clouds,2022-07-20 18:29:56
300,Shingu,JP,33.7333,135.9833,75.13,71,99,5.35,overcast clouds,2022-07-20 18:25:02
301,Alta Floresta,BR,-9.8756,-56.0861,96.62,21,0,6.91,clear sky,2022-07-20 18:29:56
302,Voi,KE,-3.3945,38.563,67.6,70,50,10.89,scattered clouds,2022-07-20 18:29:56
303,Baturaja,ID,-4.1333,104.1667,73.11,98,55,2.48,broken clouds,2022-07-20 18:29:57
304,Avera,US,33.194,-82.5271,85.51,44,23,9.69,few clouds,2022-07-20 18:29:57
305,Marcala,HN,14.15,-88.0333,76.48,48,77,4.36,broken clouds,2022-07-20 18:29:57
306,Cayenne,GF,4.9333,-52.3333,87.84,1,0,10.36,clear sky,2022-07-20 18:29:58
307,Adre,TD,13.4667,22.2,71.49,87,79,13.67,heavy intensity rain,2022-07-20 18:29:58
308,Catuday,PH,16.2923,119.8062,81.88,78,86,7.99,heavy intensity rain,2022-07-20 18:29:58
309,Flinders,AU,-34.5833,150.8552,51.19,93,99,5.01,light rain,2022-07-20 18:29:59
310,Beipiao,CN,41.7919,120.7792,68.99,88,100,1.1,overcast clouds,2022-07-20 18:29:59
311,Upernavik,GL,72.7868,-56.1549,48.13,70,49,7.63,scattered clouds,2022-07-20 18:29:59
312,Verkhoyansk,RU,67.5447,133.385,43.41,80,98,3.49,overcast clouds,2022-07-20 18:30:00
313,Agirish,RU,61.9247,63.0231,58.51,86,77,4.14,light rain,2022-07-20 18:30:00
314,Ugoofaaru,MV,5.6667,73.0,80.29,79,100,13.38,overcast clouds,2022-07-20 18:30:00
315,Oudtshoorn,ZA,-33.5907,22.2014,52.16,91,32,3.02,scattered clouds,2022-07-20 18:30:01
316,Borba,BR,-4.3878,-59.5939,90.93,42,100,3.62,overcast clouds,2022-07-20 18:30:01
317,Tual,ID,-5.6667,132.75,78.75,77,100,17.54,overcast clouds,2022-07-20 18:30:01
318,Seoul,KR,37.5683,126.9778,74.8,91,100,16.11,moderate rain,2022-07-20 18:27:40
319,Awjilah,LY,29.1081,21.2869,82.99,42,0,18.75,clear sky,2022-07-20 18:30:02
320,Santiago De Cao,PE,-7.9589,-79.2392,64.53,72,100,10.36,overcast clouds,2022-07-20 18:30:03
321,Marystown,CA,47.1666,-55.1483,68.86,100,98,8.01,overcast clouds,2022-07-20 18:30:10
322,Mudgee,AU,-32.5943,149.5871,48.61,80,98,9.95,overcast clouds,2022-07-20 18:30:11
323,Srednekolymsk,RU,67.45,153.6833,45.77,74,100,6.76,overcast clouds,2022-07-20 18:30:11
324,Vanimo,PG,-2.6741,141.3028,75.25,89,100,5.44,moderate rain,2022-07-20 18:30:11
325,Helmsdale,GB,58.1168,-3.6517,62.94,73,45,17.63,scattered clouds,2022-07-20 18:30:12
326,Garowe,SO,8.4054,48.4845,80.29,41,100,18.28,overcast clouds,2022-07-20 18:30:12
327,Talnakh,RU,69.4865,88.3972,52.21,72,83,2.64,broken clouds,2022-07-20 18:27:34
328,Samarai,PG,-10.6167,150.6667,79.92,80,27,9.06,scattered clouds,2022-07-20 18:30:13
329,Coihaique,CL,-45.5752,-72.0662,36.21,80,75,2.3,light snow,2022-07-20 18:30:13
330,Baculin,PH,7.4525,126.5842,78.1,83,75,4.03,broken clouds,2022-07-20 18:30:13
331,Lanivtsi,UA,49.8633,26.0908,65.77,74,65,10.6,broken clouds,2022-07-20 18:30:14
332,Owosso,US,42.9978,-84.1766,91.8,60,75,19.57,broken clouds,2022-07-20 18:30:14
333,Aiken,US,33.5835,-81.5998,81.19,74,100,6.91,overcast clouds,2022-07-20 18:30:14
334,Gigmoto,PH,13.7796,124.39,81.63,85,100,5.59,overcast clouds,2022-07-20 18:30:15
335,Nemuro,JP,43.3236,145.575,56.95,92,66,8.66,broken clouds,2022-07-20 18:30:15
336,Quimper,FR,48.0,-4.1,64.98,82,20,12.66,few clouds,2022-07-20 18:30:15
337,Odweyne,SO,9.4092,45.064,71.37,54,73,18.23,broken clouds,2022-07-20 18:30:16
338,Havoysund,NO,70.9963,24.6622,52.03,84,80,9.75,broken clouds,2022-07-20 18:30:16
339,Volnoye,UA,47.6365,34.8139,74.79,46,71,10.67,broken clouds,2022-07-20 18:30:16
340,Vastse-Kuuste,EE,58.1669,26.9343,66.04,71,12,7.18,few clouds,2022-07-20 18:30:17
341,Nefteyugansk,RU,61.0998,72.6035,61.0,60,96,4.45,overcast clouds,2022-07-20 18:30:17
342,Yulara,AU,-25.2406,130.9889,46.69,48,5,11.05,clear sky,2022-07-20 18:30:17
343,Bentiu,SS,9.2333,29.8333,73.15,88,100,2.37,overcast clouds,2022-07-20 18:30:18
344,Abbeville,FR,50.1,1.8333,67.48,78,100,6.08,overcast clouds,2022-07-20 18:30:18
345,Ous,RU,60.9058,61.5186,58.6,96,100,7.07,light rain,2022-07-20 18:30:18
346,Rawson,AR,-43.3002,-65.1023,54.3,53,100,26.22,overcast clouds,2022-07-20 18:30:19
347,Sundsvall,SE,62.3913,17.3063,66.96,69,83,6.91,broken clouds,2022-07-20 18:30:19
348,Jalandhar,IN,31.3256,75.5792,78.62,88,100,10.09,overcast clouds,2022-07-20 18:30:19
349,Astana,KZ,51.1801,71.446,78.75,44,0,6.71,clear sky,2022-07-20 18:30:20
350,Orbetello,IT,42.4408,11.2196,86.0,35,0,4.61,clear sky,2022-07-20 18:30:20
351,Huanren,CN,41.2647,125.3667,66.4,97,100,1.52,overcast clouds,2022-07-20 18:30:20
352,Kattivakkam,IN,13.2167,80.3167,84.07,83,93,12.24,overcast clouds,2022-07-20 18:30:21
353,Vitim,RU,59.4511,112.5578,60.62,94,100,7.76,light rain,2022-07-20 18:30:21
354,Bijie,CN,27.3125,105.2942,61.79,97,100,5.61,overcast clouds,2022-07-20 18:30:21
355,Solnechnyy,RU,50.7214,136.6319,58.68,94,100,5.06,overcast clouds,2022-07-20 18:30:22
356,Ayagoz,KZ,47.9714,80.4392,66.96,30,12,8.84,few clouds,2022-07-20 18:30:22
357,Yantal,RU,56.8471,105.2542,52.75,95,97,3.02,overcast clouds,2022-07-20 18:30:23
358,Nanortalik,GL,60.1432,-45.2371,52.63,79,19,13.96,few clouds,2022-07-20 18:30:23
359,Banda Aceh,ID,5.5577,95.3222,80.4,73,100,14.45,overcast clouds,2022-07-20 18:30:23
360,Cairns,AU,-16.9167,145.7667,69.75,86,100,6.91,overcast clouds,2022-07-20 18:30:24
361,Russkaya Polyana,UA,49.417,31.9201,63.43,76,41,9.89,scattered clouds,2022-07-20 18:30:24
362,Bambui,BR,-20.0064,-45.9769,84.29,27,4,8.88,clear sky,2022-07-20 18:28:35
363,Faanui,PF,-16.4833,-151.75,77.56,66,0,9.64,clear sky,2022-07-20 18:30:21
364,Aksarka,RU,66.5606,67.7975,58.33,59,100,7.34,overcast clouds,2022-07-20 18:30:24
365,Grand-Lahou,CI,5.1367,-5.0242,75.02,72,88,8.52,overcast clouds,2022-07-20 18:30:25
366,Anqiu,CN,36.4342,119.1925,67.96,97,29,4.68,scattered clouds,2022-07-20 18:30:25
367,Trancoso,MX,22.7333,-102.3667,79.97,26,97,7.45,overcast clouds,2022-07-20 18:30:25
368,Paris,FR,48.8534,2.3488,74.17,81,75,10.36,light rain,2022-07-20 18:27:02
369,Ponta Delgada,PT,37.7333,-25.6667,72.32,83,75,5.75,broken clouds,2022-07-20 18:30:33
370,Tukrah,LY,32.5341,20.5791,77.29,68,0,12.44,clear sky,2022-07-20 18:30:33
371,Caucaia,BR,-3.7361,-38.6531,87.31,61,20,13.8,few clouds,2022-07-20 18:29:18
372,Ancud,CL,-41.8697,-73.8203,42.22,64,84,15.39,broken clouds,2022-07-20 18:30:34
373,Kupang,ID,-10.1667,123.5833,74.16,87,98,9.13,overcast clouds,2022-07-20 18:30:34
374,Waitara,NZ,-38.925,174.25,51.49,69,42,17.78,light rain,2022-07-20 18:30:34
375,Lorengau,PG,-2.0226,147.2712,79.34,80,95,3.71,overcast clouds,2022-07-20 18:30:35
376,Namibe,AO,-15.1961,12.1522,63.23,82,100,13.8,overcast clouds,2022-07-20 18:30:35
377,Eureka,US,40.8021,-124.1637,66.2,81,68,1.01,broken clouds,2022-07-20 18:30:35
378,Ust-Maya,RU,60.4167,134.5333,63.68,86,31,3.15,scattered clouds,2022-07-20 18:30:35
379,Omsukchan,RU,62.5333,155.8,49.53,45,100,6.26,overcast clouds,2022-07-20 18:30:36
380,Saskylakh,RU,71.9167,114.0833,37.27,90,68,12.39,broken clouds,2022-07-20 18:30:36
381,Coahuayana,MX,18.7333,-103.6833,96.58,46,84,4.5,broken clouds,2022-07-20 18:30:36
382,Lakatoro,VU,-16.0999,167.4164,79.03,84,40,12.64,scattered clouds,2022-07-20 18:30:37
383,Wanganui,NZ,-39.9333,175.05,47.59,93,100,10.0,overcast clouds,2022-07-20 18:30:37
384,Westport,US,41.1415,-73.3579,98.44,55,0,11.5,clear sky,2022-07-20 18:30:38
385,Dukat,RU,62.55,155.55,48.16,52,99,5.35,overcast clouds,2022-07-20 18:30:38
386,Sistranda,NO,63.7256,8.834,62.56,96,100,2.1,moderate rain,2022-07-20 18:30:38
387,Ostrovnoy,RU,68.0531,39.5131,48.54,96,22,5.41,few clouds,2022-07-20 18:30:39
388,Samaro,PK,25.2815,69.3965,85.32,77,72,18.92,broken clouds,2022-07-20 18:30:39
389,Lugovoy,KZ,42.9472,72.7644,73.6,22,0,5.03,clear sky,2022-07-20 18:30:39
390,Verkhnyaya Inta,RU,65.9811,60.3094,63.01,61,90,7.78,overcast clouds,2022-07-20 18:30:40
391,Tautira,PF,-17.7333,-149.15,75.67,75,0,10.49,light rain,2022-07-20 18:30:40
392,Finschhafen,PG,-6.6024,147.8681,77.95,83,59,3.11,broken clouds,2022-07-20 18:30:40
393,Villa Bruzual,VE,9.3328,-69.1208,79.95,85,67,3.33,broken clouds,2022-07-20 18:30:41
394,Mporokoso,ZM,-9.3727,30.125,68.83,40,100,6.44,overcast clouds,2022-07-20 18:30:41
395,Vrangel,RU,42.7297,133.0839,62.82,94,100,6.85,overcast clouds,2022-07-20 18:30:41
396,Cap Malheureux,MU,-19.9842,57.6142,71.47,57,95,5.99,overcast clouds,2022-07-20 18:30:41
397,Killybegs,IE,54.6333,-8.45,58.71,73,100,7.99,overcast clouds,2022-07-20 18:30:42
398,Wajima,JP,37.4,136.9,73.63,85,100,2.57,overcast clouds,2022-07-20 18:30:42
399,Saint-Paul,RE,-21.0096,55.2707,68.11,68,35,7.38,scattered clouds,2022-07-20 18:30:42
400,Pitelino,RU,54.5777,41.8145,55.45,97,100,6.73,overcast clouds,2022-07-20 18:30:43
401,Jalingo,NG,8.8833,11.3667,72.66,95,100,2.01,overcast clouds,2022-07-20 18:30:43
402,Ketchikan,US,55.3422,-131.6461,57.67,88,100,12.66,overcast clouds,2022-07-20 18:30:43
403,Vila Do Maio,CV,15.1333,-23.2167,81.39,80,26,3.8,scattered clouds,2022-07-20 18:30:44
404,Watertown,US,42.3709,-71.1828,99.52,47,75,16.11,broken clouds,2022-07-20 18:27:18
405,Rudnichnyy,RU,59.617,52.4703,52.79,96,21,3.27,few clouds,2022-07-20 18:30:44
406,Ahuimanu,US,21.4447,-157.8378,82.11,69,20,14.97,few clouds,2022-07-20 18:30:45
407,Terrace,CA,54.5163,-128.6035,62.51,67,75,2.3,broken clouds,2022-07-20 18:26:30
408,Repatriacion,PY,-25.5333,-55.95,81.88,53,14,7.78,few clouds,2022-07-20 18:30:45
409,Namatanai,PG,-3.6667,152.4333,77.88,81,89,7.14,overcast clouds,2022-07-20 18:30:45
410,Kushiro,JP,42.975,144.3747,56.7,91,79,3.4,broken clouds,2022-07-20 18:30:46
411,Vardo,NO,70.3705,31.1107,53.58,94,100,0.0,overcast clouds,2022-07-20 18:30:46
412,Barra Do Garcas,BR,-15.89,-52.2567,91.98,27,0,6.91,clear sky,2022-07-20 18:26:21
413,Severo-Yeniseyskiy,RU,60.3725,93.0408,47.66,97,98,4.65,overcast clouds,2022-07-20 18:30:15
414,Bela,IN,25.9333,81.9833,84.92,78,100,8.01,moderate rain,2022-07-20 18:30:54
415,College,US,64.8569,-147.8028,60.08,77,75,4.61,broken clouds,2022-07-20 18:30:54
416,Guaraciaba Do Norte,BR,-4.1669,-40.7475,85.08,28,24,5.17,few clouds,2022-07-20 18:30:54
417,Rio Tercero,AR,-32.173,-64.1141,74.44,28,0,6.53,clear sky,2022-07-20 18:30:55
418,Chacarita,CR,9.9829,-84.7723,83.41,76,100,1.77,overcast clouds,2022-07-20 18:30:55
419,Pervoye Maya,RU,56.164,44.7196,54.72,91,67,5.35,broken clouds,2022-07-20 18:30:55
420,Letka,RU,59.6011,49.4232,52.97,94,100,1.81,overcast clouds,2022-07-20 18:30:56
421,Leshukonskoye,RU,64.8989,45.7622,67.26,59,81,4.63,broken clouds,2022-07-20 18:30:56
422,Puerto Morazan,NI,12.8504,-87.1717,92.17,46,99,6.04,overcast clouds,2022-07-20 18:30:56
423,Glendive,US,47.1053,-104.7125,86.49,36,0,17.27,clear sky,2022-07-20 18:30:57
424,Tabou,CI,4.423,-7.3528,75.2,72,98,7.16,overcast clouds,2022-07-20 18:30:57
425,Noumea,NC,-22.2763,166.4572,75.0,99,98,6.87,light rain,2022-07-20 18:30:57
426,Coyah,GN,9.75,-13.4167,76.15,96,100,4.83,light rain,2022-07-20 18:30:58
427,Bathsheba,BB,13.2167,-59.5167,86.61,79,40,11.5,scattered clouds,2022-07-20 18:30:08
428,Guaimaro,CU,21.05,-77.35,91.81,44,74,9.42,broken clouds,2022-07-20 18:30:58
429,Darhan,MN,49.4867,105.9228,57.27,72,99,3.87,overcast clouds,2022-07-20 18:30:59
430,Haines Junction,CA,60.7522,-137.5108,55.35,54,100,3.44,overcast clouds,2022-07-20 18:30:59
431,Le Vauclin,MQ,14.5452,-60.8388,84.25,79,20,11.5,few clouds,2022-07-20 18:30:59
432,Pukhrayan,IN,26.2333,79.85,82.45,78,100,7.23,light rain,2022-07-20 18:31:00
433,Ifo,NG,6.8144,3.1958,74.64,72,82,6.8,broken clouds,2022-07-20 18:31:00
434,Payo,ID,-3.7508,103.6372,71.91,98,44,1.99,scattered clouds,2022-07-20 18:31:01
435,Monte Carmelo,BR,-18.7247,-47.4986,81.93,24,0,10.67,clear sky,2022-07-20 18:31:01
436,Teahupoo,PF,-17.8333,-149.2667,67.96,74,1,10.69,light rain,2022-07-20 18:31:01
437,Gorom-Gorom,BF,14.4439,-0.2361,87.62,50,100,14.25,overcast clouds,2022-07-20 18:31:02
438,Sinnamary,GF,5.3833,-52.95,82.18,72,21,8.41,few clouds,2022-07-20 18:26:29
439,Smila,UA,49.2224,31.8871,64.27,77,81,7.92,broken clouds,2022-07-20 18:31:02
440,Padang,ID,-0.9492,100.3543,76.28,86,48,3.85,light rain,2022-07-20 18:31:02
441,Anadyr,RU,64.75,177.4833,41.5,86,40,6.71,scattered clouds,2022-07-20 18:31:03
442,Inhambane,MZ,-23.865,35.3833,67.98,94,0,3.44,clear sky,2022-07-20 18:31:03
443,Kapit,MY,2.0167,112.9333,73.58,99,53,0.31,broken clouds,2022-07-20 18:31:03
444,Narsaq,GL,60.9167,-46.05,57.42,85,94,2.59,overcast clouds,2022-07-20 18:31:04
445,Elmadag,TR,39.9208,33.2308,68.34,53,2,7.96,clear sky,2022-07-20 18:31:04
446,Wattegama,LK,6.7989,81.4808,75.25,92,93,4.5,overcast clouds,2022-07-20 18:31:05
447,Menongue,AO,-14.6585,17.691,56.86,38,11,5.03,few clouds,2022-07-20 18:31:05
448,Atherton,GB,53.5237,-2.4935,67.28,74,100,8.01,overcast clouds,2022-07-20 18:31:05
449,Gari,RU,59.4307,62.3497,60.39,97,95,7.34,overcast clouds,2022-07-20 18:31:06
450,Orlik,RU,52.5178,99.825,44.78,84,95,0.94,overcast clouds,2022-07-20 18:31:06
451,Ucluelet,CA,48.9329,-125.5528,55.71,74,2,4.79,clear sky,2022-07-20 18:31:06
452,Xichang,CN,27.8964,102.2634,65.61,87,96,1.66,overcast clouds,2022-07-20 18:31:07
453,Gravdal,NO,68.1214,13.5031,57.09,94,40,14.97,scattered clouds,2022-07-20 18:31:07
454,Katobu,ID,-4.9408,122.5276,74.59,96,8,4.9,clear sky,2022-07-20 18:31:08
455,Lata,PT,40.1629,-8.3327,75.63,51,0,6.02,clear sky,2022-07-20 18:31:08
456,Nabinagar,BD,23.8917,90.9733,78.35,95,100,7.54,overcast clouds,2022-07-20 18:31:08
457,Sur,OM,22.5667,59.5289,84.29,75,97,14.79,overcast clouds,2022-07-20 18:31:09
458,Marienburg,PL,54.0359,19.0266,75.11,59,0,5.57,clear sky,2022-07-20 18:31:09
459,Tromso,NO,69.6496,18.957,62.62,67,75,1.14,light rain,2022-07-20 18:31:09
460,Asau,RO,46.4333,26.4,74.32,59,7,5.82,clear sky,2022-07-20 18:31:10
461,Kadoma,JP,34.7333,135.5833,78.19,74,87,1.14,overcast clouds,2022-07-20 18:31:10
462,Carman,CA,49.4992,-98.0016,80.67,53,5,9.22,clear sky,2022-07-20 18:31:18
463,Zharkovskiy,RU,55.849,32.2697,57.13,76,100,11.05,overcast clouds,2022-07-20 18:31:18
464,Karratha,AU,-20.7377,116.8463,66.56,62,1,3.74,clear sky,2022-07-20 18:31:14
465,Sampit,ID,-2.5333,112.95,73.53,98,20,1.68,few clouds,2022-07-20 18:31:18
466,Abu Dhabi,AE,24.4667,54.3667,96.91,69,0,9.22,clear sky,2022-07-20 18:27:47
467,Tura,IN,25.5198,90.2201,74.97,97,100,5.77,overcast clouds,2022-07-20 18:31:19
468,General Roca,AR,-39.0333,-67.5833,68.88,27,0,25.93,clear sky,2022-07-20 18:31:19
469,Tahta,EG,26.7693,31.5021,91.33,19,58,8.86,broken clouds,2022-07-20 18:31:19
470,Barra,BR,-11.0894,-43.1417,86.63,32,3,3.76,clear sky,2022-07-20 18:31:20
471,Clarence Town,AU,-32.5833,151.7833,60.85,89,86,0.83,overcast clouds,2022-07-20 18:31:20
472,Cockburn Town,TC,21.4612,-71.1419,82.04,77,1,19.66,clear sky,2022-07-20 18:27:53
473,Thoen,TH,17.6129,99.2161,75.99,97,100,1.57,overcast clouds,2022-07-20 18:31:20
474,Asha,RU,54.9973,57.2722,54.27,97,13,3.58,few clouds,2022-07-20 18:31:21
475,Zyryanka,RU,65.75,150.85,45.03,71,100,8.97,overcast clouds,2022-07-20 18:31:21
476,Khotynets,RU,53.1286,35.3966,54.45,93,14,12.15,few clouds,2022-07-20 18:31:22
477,Balkhash,KZ,46.844,74.9804,76.15,43,0,11.54,clear sky,2022-07-20 18:31:22
478,Kodinsk,RU,58.6881,99.1844,52.39,97,100,3.71,overcast clouds,2022-07-20 18:31:22
479,Tamandare,BR,-8.7597,-35.1047,76.64,84,23,11.12,few clouds,2022-07-20 18:31:23
480,Vanavara,RU,60.34,102.2797,57.18,84,95,5.14,overcast clouds,2022-07-20 18:31:23
481,Plouzane,FR,48.3833,-4.6167,64.45,85,100,9.22,overcast clouds,2022-07-20 18:31:23
482,Pandamatenga,BW,-18.5278,25.627,62.98,61,93,5.7,overcast clouds,2022-07-20 18:31:24
483,Mount Isa,AU,-20.7333,139.5,55.17,35,0,8.05,clear sky,2022-07-20 18:31:24
484,Sola,VU,-13.8833,167.55,77.67,94,75,0.0,broken clouds,2022-07-20 18:31:24
485,Hede,CN,33.7681,120.2517,71.04,95,100,8.55,light rain,2022-07-20 18:31:25
486,San Patricio,US,28.017,-97.5169,97.18,43,0,20.09,clear sky,2022-07-20 18:31:25
487,Crystal Beach,CA,42.8699,-79.0583,91.62,57,35,3.0,scattered clouds,2022-07-20 18:31:25
488,Bure,ET,10.7,37.0667,55.81,99,100,1.5,light rain,2022-07-20 18:31:26
489,Kapitan Ramon,PH,10.7749,123.1256,75.99,85,21,2.66,few clouds,2022-07-20 18:31:26
490,Hamilton,US,39.1834,-84.5333,92.75,67,75,12.66,haze,2022-07-20 18:30:19
491,Hualmay,PE,-11.0964,-77.6139,66.29,71,54,9.84,broken clouds,2022-07-20 18:31:26
492,Chicama,PE,-7.8447,-79.1469,63.14,57,4,9.31,clear sky,2022-07-20 18:31:27
493,Teyateyaneng,LS,-29.1472,27.7489,47.37,51,14,3.58,few clouds,2022-07-20 18:31:27
494,Kuito,AO,-12.3833,16.9333,58.89,37,10,2.53,clear sky,2022-07-20 18:31:27
495,Kahului,US,20.8947,-156.47,78.82,65,20,14.97,few clouds,2022-07-20 18:31:07
496,Kabompo,ZM,-13.5927,24.2008,66.65,42,76,2.93,broken clouds,2022-07-20 18:31:28
497,Ukiah,US,39.1502,-123.2078,96.44,27,0,3.44,clear sky,2022-07-20 18:30:03
498,Bontang,ID,0.1333,117.5,78.89,82,1,1.28,clear sky,2022-07-20 18:31:28
499,Toamasina,MG,-18.1667,49.3833,67.91,83,20,10.45,light rain,2022-07-20 18:31:28
500,Prieska,ZA,-29.6641,22.7474,58.24,45,4,8.14,clear sky,2022-07-20 18:31:29
501,Visnes,NO,59.3556,5.2242,63.21,94,40,8.05,light intensity drizzle,2022-07-20 18:31:29
502,Gorontalo,ID,0.5412,123.0595,73.71,95,71,1.79,broken clouds,2022-07-20 18:31:29
503,Kulhudhuffushi,MV,6.6221,73.07,80.8,77,100,16.93,moderate rain,2022-07-20 18:31:30
504,Isangel,VU,-19.55,169.2667,77.11,83,97,9.22,overcast clouds,2022-07-20 18:31:30
505,Nuuk,GL,64.1835,-51.7216,50.61,87,100,16.11,overcast clouds,2022-07-20 18:31:30
506,Conakry,GN,9.538,-13.6773,77.07,94,75,11.5,light rain,2022-07-20 18:31:31
507,Ihosy,MG,-22.4,46.1167,57.02,96,44,6.44,scattered clouds,2022-07-20 18:31:31
508,Salinopolis,BR,-0.6136,-47.3561,81.0,81,39,8.39,scattered clouds,2022-07-20 18:31:31
509,Nouadhibou,MR,20.931,-17.0347,73.38,83,20,13.8,sand,2022-07-20 18:31:32
510,Salaga,GH,8.5508,-0.5188,78.13,63,99,5.91,overcast clouds,2022-07-20 18:31:39
511,Broadstairs,GB,51.3591,1.4394,75.0,65,15,5.01,few clouds,2022-07-20 18:31:39
512,Tolmachevo,RU,54.9824,82.7363,64.38,82,0,7.0,clear sky,2022-07-20 18:31:40
513,Bac Lieu,VN,9.285,105.7244,79.68,87,93,9.48,overcast clouds,2022-07-20 18:28:07
514,Sao Jose Da Coroa Grande,BR,-8.8978,-35.1478,76.64,84,50,11.56,scattered clouds,2022-07-20 18:31:40
515,Jalu,LY,29.0331,21.5482,84.09,32,0,14.32,clear sky,2022-07-20 18:31:40
516,Riyadh,SA,24.6877,46.7219,100.54,9,38,11.48,scattered clouds,2022-07-20 18:28:32
517,Nicoya,CR,10.1483,-85.452,82.47,82,99,5.95,overcast clouds,2022-07-20 18:31:41
518,Olafsvik,IS,64.8945,-23.7142,51.39,76,99,12.5,overcast clouds,2022-07-20 18:31:41
519,Knysna,ZA,-34.0363,23.0471,53.55,89,33,2.95,scattered clouds,2022-07-20 18:31:41
520,Tokur,RU,53.1333,132.9,50.92,99,100,3.8,overcast clouds,2022-07-20 18:31:42
521,Trairi,BR,-3.2778,-39.2689,82.92,59,97,14.5,overcast clouds,2022-07-20 18:30:53
522,Chuy,UY,-33.6971,-53.4616,60.62,83,0,8.9,clear sky,2022-07-20 18:31:42
523,Ismailia,EG,30.6043,32.2723,79.11,60,0,10.07,clear sky,2022-07-20 18:31:43
524,Luau,AO,-10.7073,22.2247,68.81,30,5,4.56,clear sky,2022-07-20 18:31:43
525,Abu Zabad,SD,12.35,29.25,81.14,63,100,13.06,overcast clouds,2022-07-20 18:31:43
526,Raton,US,36.9034,-104.4391,90.32,32,0,6.91,clear sky,2022-07-20 18:31:44
527,Tiksi,RU,71.6872,128.8694,36.61,94,99,14.36,overcast clouds,2022-07-20 18:31:44
528,Byron Bay,AU,-28.65,153.6167,54.95,72,100,15.5,overcast clouds,2022-07-20 18:31:44
529,Inta,RU,66.0317,60.1659,63.99,60,96,7.76,overcast clouds,2022-07-20 18:31:45
530,Barra Patuca,HN,15.8,-84.2833,84.25,71,38,10.04,scattered clouds,2022-07-20 18:31:45
531,Bilma,NE,18.6853,12.9164,97.52,13,92,7.2,overcast clouds,2022-07-20 18:31:45
532,Nortelandia,BR,-14.4547,-56.8028,95.32,17,97,5.03,overcast clouds,2022-07-20 18:31:46
533,Namwala,ZM,-15.7504,26.4384,68.68,50,100,7.67,overcast clouds,2022-07-20 18:31:46
534,Dudinka,RU,69.4058,86.1778,52.63,81,99,8.14,overcast clouds,2022-07-20 18:31:46
535,Emerald,AU,-23.5333,148.1667,56.34,89,71,11.72,broken clouds,2022-07-20 18:31:47
536,Pandan,PH,14.0453,124.1694,81.1,86,96,7.58,overcast clouds,2022-07-20 18:31:47
537,Snezhnogorsk,RU,69.1933,33.2531,65.98,91,100,6.76,overcast clouds,2022-07-20 18:31:47
538,Husavik,IS,66.0449,-17.3389,46.18,87,100,7.56,overcast clouds,2022-07-20 18:31:48
539,Maarianhamina,AX,60.0973,19.9348,66.06,82,0,6.91,clear sky,2022-07-20 18:31:48
540,Nola,IT,40.922,14.5329,86.92,53,0,3.15,clear sky,2022-07-20 18:31:48
541,Matagami,CA,49.7502,-77.6328,69.91,68,100,12.66,overcast clouds,2022-07-20 18:29:19
542,Necochea,AR,-38.5473,-58.7368,62.33,52,3,19.42,clear sky,2022-07-20 18:31:49
543,Vulcan,RO,45.3833,23.2667,65.43,56,0,3.8,clear sky,2022-07-20 18:31:49
544,Lakes Entrance,AU,-37.8811,147.981,42.53,83,1,5.79,clear sky,2022-07-20 18:31:49
545,Amapa,BR,1.0,-52.0,81.18,84,91,4.05,overcast clouds,2022-07-20 18:31:50
546,Luanda,AO,-8.8368,13.2343,71.6,78,75,9.22,broken clouds,2022-07-20 18:31:50
547,Rundu,NA,-17.9333,19.7667,57.92,32,5,4.99,clear sky,2022-07-20 18:31:50
548,Sinjai,ID,-5.1241,120.253,75.02,94,26,2.66,scattered clouds,2022-07-20 18:31:50
549,Greensburg,US,40.3015,-79.5389,89.26,58,0,11.01,clear sky,2022-07-20 18:27:11
550,Trelew,AR,-43.249,-65.3051,58.51,46,98,23.69,overcast clouds,2022-07-20 18:27:18
551,Shimoda,JP,34.6667,138.95,77.11,83,100,3.2,overcast clouds,2022-07-20 18:31:51
552,Nishihara,JP,26.1842,127.7558,83.48,89,75,11.5,broken clouds,2022-07-20 18:31:51
553,Mpanda,TZ,-6.3655,31.0409,69.1,44,2,3.02,clear sky,2022-07-20 18:31:52
554,Veraval,IN,20.9,70.3667,80.33,86,50,17.38,scattered clouds,2022-07-20 18:31:59
555,Bodden Town,KY,19.2833,-81.25,89.6,62,40,10.36,scattered clouds,2022-07-20 18:31:59
556,Koulamoutou,GA,-1.1303,12.4736,77.74,66,100,3.22,overcast clouds,2022-07-20 18:32:00
557,Cortez,US,37.3489,-108.5859,93.96,18,0,11.5,clear sky,2022-07-20 18:31:27
558,Sarankhola,BD,22.3082,89.7897,80.67,89,100,3.83,overcast clouds,2022-07-20 18:32:00
559,Taoudenni,ML,22.6783,-3.9836,99.3,24,86,25.19,overcast clouds,2022-07-20 18:32:00
560,Niort,FR,46.3333,-0.3333,71.71,69,1,5.01,clear sky,2022-07-20 18:32:01
561,Obera,AR,-27.4871,-55.1199,80.82,55,1,5.59,clear sky,2022-07-20 18:27:33
562,Norman Wells,CA,65.282,-126.8329,69.84,49,75,4.61,broken clouds,2022-07-20 18:32:01
563,Tuatapere,NZ,-46.1333,167.6833,42.31,84,100,2.39,overcast clouds,2022-07-20 18:32:01
564,Nobeoka,JP,32.5833,131.6667,77.97,90,96,3.65,overcast clouds,2022-07-20 18:32:02
565,Plaster Rock,CA,46.9065,-67.39,77.95,41,9,11.83,clear sky,2022-07-20 18:32:02
566,Anchorage,US,61.2181,-149.9003,55.85,91,100,8.05,overcast clouds,2022-07-20 18:29:52
567,Santa Rosalia,MX,27.3167,-112.2833,91.29,39,8,4.76,clear sky,2022-07-20 18:32:03
568,Jinchang,CN,38.4953,102.1739,72.57,42,100,19.8,overcast clouds,2022-07-20 18:32:03
569,Ola,RU,59.5833,151.2833,55.27,91,84,0.85,broken clouds,2022-07-20 18:32:03
570,Mbini,GQ,1.574,9.6134,76.15,80,100,9.6,overcast clouds,2022-07-20 18:32:04
571,Nambucca Heads,AU,-30.65,153.0,53.17,72,99,5.21,overcast clouds,2022-07-20 18:32:04
572,Oranjestad,AW,12.524,-70.027,85.95,66,20,20.71,few clouds,2022-07-20 18:29:05
573,Puerto Colombia,CO,10.9878,-74.9547,89.69,75,70,18.9,broken clouds,2022-07-20 18:32:05
574,Abatskoye,RU,56.2875,70.4555,60.94,96,100,0.58,overcast clouds,2022-07-20 18:32:05
575,Calama,CL,-22.4667,-68.9333,75.69,11,40,16.11,scattered clouds,2022-07-20 18:30:44
576,Port Lincoln,AU,-34.7333,135.8667,50.4,79,13,8.34,few clouds,2022-07-20 18:31:28
577,Newport,GB,51.5877,-2.9984,70.34,66,94,7.11,overcast clouds,2022-07-20 18:28:37
578,Savannah Bight,HN,16.45,-85.85,82.87,75,17,16.98,few clouds,2022-07-20 18:32:06
579,Coquimbo,CL,-29.9533,-71.3436,53.33,93,100,1.14,overcast clouds,2022-07-20 18:32:06
580,Kirakira,SB,-10.4544,161.9205,79.07,84,75,6.58,broken clouds,2022-07-20 18:32:06
581,Paraiso,CR,9.8383,-83.8656,76.06,95,100,4.23,overcast clouds,2022-07-20 18:32:07
582,Dubrovnik,HR,42.6481,18.0922,82.04,44,0,9.22,clear sky,2022-07-20 18:28:10
583,Papara,BR,-3.9839,-38.7273,85.96,45,46,5.84,scattered clouds,2022-07-20 18:32:07
584,Goderich,CA,43.7501,-81.7165,84.9,58,100,19.57,overcast clouds,2022-07-20 18:32:07
585,Ivdel,RU,60.6911,60.4206,58.69,98,100,6.64,light rain,2022-07-20 18:32:08
586,Ngunguru,NZ,-35.6167,174.5,50.02,76,13,11.86,few clouds,2022-07-20 18:32:08
587,Auki,SB,-8.7676,160.7034,75.61,89,100,4.34,overcast clouds,2022-07-20 18:32:08
588,Gushikawa,JP,26.3544,127.8686,83.43,87,100,12.24,overcast clouds,2022-07-20 18:32:09
589,Trat,TH,12.5,102.5,82.81,97,100,5.55,overcast clouds,2022-07-20 18:32:09
590,Lewistown,US,40.5992,-77.5714,94.41,70,40,6.91,scattered clouds,2022-07-20 18:32:10
591,Kutum,SD,14.2,24.6667,77.92,55,99,8.05,light rain,2022-07-20 18:32:10
592,Ternate,ID,0.8,127.4,80.47,80,100,1.9,light rain,2022-07-20 18:32:10
593,Herat,AF,34.5,62.0,84.4,15,0,29.82,clear sky,2022-07-20 18:32:11
594,Eidsvag,NO,62.7767,8.0668,60.85,97,100,2.89,light rain,2022-07-20 18:32:11
595,Rio Grande,BR,-32.035,-52.0986,69.91,85,0,11.34,clear sky,2022-07-20 18:30:05
596,Caravelas,BR,-17.7125,-39.2481,75.56,67,5,7.52,clear sky,2022-07-20 18:32:11
597,Miles City,US,46.4083,-105.8406,92.37,18,0,20.71,clear sky,2022-07-20 18:32:12
598,Richards Bay,ZA,-28.783,32.0377,64.74,87,8,7.45,clear sky,2022-07-20 18:32:12
599,Okara,PK,30.8081,73.4458,86.23,70,82,13.78,broken clouds,2022-07-20 18:28:03
600,Sakakah,SA,29.9697,40.2064,105.37,11,0,13.0,clear sky,2022-07-20 18:31:30
601,Vidim,RU,56.4088,103.1106,52.29,89,97,3.2,overcast clouds,2022-07-20 18:32:20
602,Fakel,RU,57.6325,53.0252,53.33,94,67,4.23,broken clouds,2022-07-20 18:32:20
603,Kimbe,PG,-5.5502,150.1429,75.78,91,100,2.93,light rain,2022-07-20 18:32:20
604,Mnogovershinnyy,RU,53.9353,139.9242,51.75,93,94,3.98,overcast clouds,2022-07-20 18:31:31
605,Hofn,IS,64.2539,-15.2082,55.42,82,75,8.05,broken clouds,2022-07-20 18:32:21
606,Poya,NC,-21.35,165.15,72.48,92,99,5.59,overcast clouds,2022-07-20 18:32:21
607,Palmer,US,42.1584,-72.3287,95.07,49,46,4.0,scattered clouds,2022-07-20 18:32:21
608,Anloga,GH,5.7947,0.8973,75.45,74,13,11.68,few clouds,2022-07-20 18:32:22
609,Maceio,BR,-9.6658,-35.7353,76.44,88,100,17.27,overcast clouds,2022-07-20 18:32:22
610,Tomohon,ID,1.3346,124.8392,65.34,89,99,1.83,overcast clouds,2022-07-20 18:32:22
611,Quelimane,MZ,-17.8786,36.8883,73.35,88,40,5.75,scattered clouds,2022-07-20 18:32:23
612,Paranaiba,BR,-19.6772,-51.1908,90.27,15,3,8.48,clear sky,2022-07-20 18:32:23
613,Rapid Valley,US,44.0625,-103.1463,97.77,22,0,7.0,clear sky,2022-07-20 18:32:23
614,Twin Falls,US,42.3505,-114.6445,88.14,27,0,11.5,clear sky,2022-07-20 18:32:24
615,Yarmouth,US,41.7057,-70.2286,95.47,61,0,16.11,clear sky,2022-07-20 18:32:24
616,Roald,NO,62.5833,6.1333,60.75,94,75,3.44,light intensity drizzle,2022-07-20 18:32:24
617,Alihe,CN,50.5667,123.7167,63.61,96,11,0.74,few clouds,2022-07-20 18:32:25
618,Atasu,KZ,48.6814,71.6433,80.55,38,88,5.3,overcast clouds,2022-07-20 18:32:25
619,Barberton,ZA,-25.7884,31.0532,66.29,62,60,1.9,broken clouds,2022-07-20 18:32:25
620,San-Pedro,CI,4.7485,-6.6363,74.32,73,65,6.08,broken clouds,2022-07-20 18:32:25
621,Cootamundra,AU,-34.65,148.0333,46.11,86,95,13.58,overcast clouds,2022-07-20 18:32:26
622,Toronto,CA,43.7001,-79.4163,88.36,61,75,24.16,broken clouds,2022-07-20 18:28:15
623,Khorixas,NA,-20.3667,14.9667,66.54,25,0,6.8,clear sky,2022-07-20 18:32:26
624,Ghanzi,BW,-21.5667,21.7833,56.93,37,0,7.23,clear sky,2022-07-20 18:32:26
625,Fayaoue,NC,-20.65,166.5333,76.66,88,99,14.58,overcast clouds,2022-07-20 18:32:27
626,Gat,IL,31.61,34.7642,82.81,100,0,6.35,clear sky,2022-07-20 18:32:27
627,Vostok,RU,46.4856,135.8833,57.99,98,11,3.2,few clouds,2022-07-20 18:32:27
628,Pecanha,BR,-18.5486,-42.5569,74.82,42,0,8.52,clear sky,2022-07-20 18:32:28
629,Fuyang,CN,32.9,115.8167,69.76,96,84,4.43,broken clouds,2022-07-20 18:32:28
630,Yeppoon,AU,-23.1333,150.7333,60.58,91,100,17.52,light rain,2022-07-20 18:32:28
631,Assiniboia,CA,49.6334,-105.9845,71.42,40,0,18.41,clear sky,2022-07-20 18:32:29
632,Mayya,RU,61.7333,130.2811,67.32,91,100,2.77,overcast clouds,2022-07-20 18:32:29
633,Vestmannaeyjar,IS,63.4427,-20.2734,58.19,77,0,13.8,clear sky,2022-07-20 18:32:29
634,Napasar,IN,27.9667,73.55,93.49,53,53,11.5,broken clouds,2022-07-20 18:32:30
635,Slave Lake,CA,55.2834,-114.769,69.78,46,0,17.27,clear sky,2022-07-20 18:32:30
636,Paamiut,GL,61.994,-49.6678,49.48,86,73,18.45,broken clouds,2022-07-20 18:32:30
637,Yacuiba,BO,-22.038,-63.6797,77.77,50,100,13.8,overcast clouds,2022-07-20 18:32:31
638,Aviles,ES,43.5547,-5.9248,70.38,79,75,5.75,broken clouds,2022-07-20 18:32:31
639,Lundazi,ZM,-12.2929,33.1782,62.71,61,39,11.99,scattered clouds,2022-07-20 18:32:31
640,Pemberton,CA,50.3164,-122.8027,80.29,39,7,2.82,clear sky,2022-07-20 18:32:31
641,Champerico,GT,14.3,-91.9167,93.74,73,100,7.43,overcast clouds,2022-07-20 18:32:32
642,Mayumba,GA,-3.432,10.6554,70.65,92,87,6.62,overcast clouds,2022-07-20 18:32:32
643,Mecca,SA,21.4267,39.8261,90.32,41,82,1.74,broken clouds,2022-07-20 18:32:32
644,Aktash,RU,50.3,87.7333,37.11,80,100,2.26,overcast clouds,2022-07-20 18:32:33
645,Kajaani,FI,64.2273,27.7285,66.25,63,0,8.05,clear sky,2022-07-20 18:32:33
646,Ambilobe,MG,-13.2,49.05,70.05,65,8,10.2,clear sky,2022-07-20 18:32:33
647,Vangaindrano,MG,-23.35,47.6,65.57,90,75,5.7,moderate rain,2022-07-20 18:32:34
648,Raudeberg,NO,61.9875,5.1352,56.07,95,100,7.27,overcast clouds,2022-07-20 18:32:41
649,Camacha,PT,33.0833,-16.3333,69.22,73,40,12.66,scattered clouds,2022-07-20 18:32:41
650,Savinka,RU,50.0785,47.0994,72.21,42,100,6.4,overcast clouds,2022-07-20 18:32:41
651,Mwinilunga,ZM,-11.7358,24.4293,69.69,41,100,6.11,overcast clouds,2022-07-20 18:32:42
652,Negombo,LK,7.2083,79.8358,80.65,83,40,8.05,scattered clouds,2022-07-20 18:32:42
653,Labuhan,ID,-6.8844,112.2051,74.89,82,0,10.69,clear sky,2022-07-20 18:32:42
654,Afrikanda,RU,67.4429,32.7828,62.89,88,100,2.33,overcast clouds,2022-07-20 18:32:43
655,Libourne,FR,44.9167,-0.25,77.5,52,0,9.71,clear sky,2022-07-20 18:32:43
656,Muros,ES,42.7762,-9.0603,79.68,65,2,14.65,clear sky,2022-07-20 18:32:43
657,Baft,IR,29.234,56.6057,77.09,31,2,5.88,clear sky,2022-07-20 18:32:44
658,Faya,SA,18.3851,42.4509,69.91,61,100,7.83,overcast clouds,2022-07-20 18:32:44
659,Kitgum,UG,3.2783,32.8867,66.54,91,68,3.71,broken clouds,2022-07-20 18:32:44
660,The Valley,AI,18.217,-63.0578,87.66,70,40,18.41,scattered clouds,2022-07-20 18:28:10
661,Maanshan,CN,31.6957,118.4983,78.85,93,100,5.26,light rain,2022-07-20 18:32:45
662,Lavrentiya,RU,65.5833,-171.0,39.9,95,100,14.81,overcast clouds,2022-07-20 18:32:45
663,Torrevieja,ES,37.9787,-0.6822,88.59,76,0,5.01,clear sky,2022-07-20 18:32:45
664,Udachnyy,RU,66.4167,112.4,50.45,75,100,6.93,overcast clouds,2022-07-20 18:32:46
665,Perbaungan,ID,3.5679,98.956,75.31,90,100,2.17,overcast clouds,2022-07-20 18:32:46
666,Svetlogorsk,BY,52.6333,29.7333,56.25,80,0,6.51,clear sky,2022-07-20 18:32:46
667,Maniitsoq,GL,65.4167,-52.9,43.65,98,100,13.56,overcast clouds,2022-07-20 18:32:46
668,Tarakan,ID,3.3,117.6333,76.5,94,75,4.61,broken clouds,2022-07-20 18:32:47
669,Whitehorse,CA,60.7161,-135.0538,52.81,72,75,8.05,broken clouds,2022-07-20 18:32:47
670,Dutse,NG,11.7594,9.3392,70.57,84,100,6.98,light rain,2022-07-20 18:32:47
671,Zaoyang,CN,32.1272,112.7542,70.14,96,74,3.09,broken clouds,2022-07-20 18:32:48
672,Nantucket,US,41.2835,-70.0995,91.54,65,0,10.36,clear sky,2022-07-20 18:30:01
673,Comodoro Rivadavia,AR,-45.8667,-67.5,48.06,29,0,28.77,clear sky,2022-07-20 18:32:48
674,Aykhal,RU,66.0,111.5,52.75,62,100,5.39,overcast clouds,2022-07-20 18:32:49
675,Malaya Serdoba,RU,52.4661,44.9512,63.28,71,100,7.49,overcast clouds,2022-07-20 18:32:49
676,Sterling,US,39.0062,-77.4286,95.11,55,40,9.22,scattered clouds,2022-07-20 18:31:26
677,Itoman,JP,26.1247,127.6694,84.22,89,75,11.5,broken clouds,2022-07-20 18:32:49
678,Maragogi,BR,-9.0122,-35.2225,76.35,86,52,10.92,broken clouds,2022-07-20 18:30:38
679,Santa Maria,BR,-29.6842,-53.8069,65.5,72,0,8.05,clear sky,2022-07-20 18:32:50
680,Saint-Leu,RE,-21.15,55.2833,67.06,67,62,4.47,broken clouds,2022-07-20 18:32:50
681,Ravar,IR,31.2656,56.8055,88.0,10,0,7.25,clear sky,2022-07-20 18:32:50
682,Havelock,US,34.8791,-76.9013,93.15,80,40,12.66,scattered clouds,2022-07-20 18:32:51
683,Nedelino,BG,41.45,25.0833,75.22,45,2,5.64,clear sky,2022-07-20 18:32:51
684,Soyo,AO,-6.1349,12.3689,71.69,84,96,10.09,overcast clouds,2022-07-20 18:32:51
685,Belfast,GB,54.5833,-5.9333,60.62,72,100,8.05,overcast clouds,2022-07-20 18:29:50
686,Chiredzi,ZW,-21.05,31.6667,68.31,61,93,6.6,light rain,2022-07-20 18:32:52
687,Dachau,DE,48.26,11.434,87.22,65,100,5.46,light rain,2022-07-20 18:32:52
688,Egvekinot,RU,66.3167,-179.1667,35.4,66,32,10.29,scattered clouds,2022-07-20 18:32:52
689,Imeni Zhelyabova,RU,58.9544,36.5956,59.79,94,97,6.6,overcast clouds,2022-07-20 18:32:53
690,Karpathos,GR,35.507,27.2132,73.36,78,0,28.77,clear sky,2022-07-20 18:32:53
691,Praia Da Vitoria,PT,38.7333,-27.0667,76.75,83,40,3.96,scattered clouds,2022-07-20 18:28:59
692,Sarahan,IN,31.5167,77.8,65.03,91,75,1.7,light rain,2022-07-20 18:32:53
693,Tuy Hoa,VN,13.0833,109.3,75.72,92,100,5.17,moderate rain,2022-07-20 18:29:55
694,Kamwenge,UG,0.1866,30.4539,69.39,53,25,3.91,scattered clouds,2022-07-20 18:32:54
